Datetime,Water Level (m)
2026-04-13 00:00:00,-0.15123975
2026-04-13 01:00:00,-0.29853216
2026-04-13 02:00:00,-0.3938146
2026-04-13 03:00:00,-0.33782518
2026-04-13 04:00:00,-0.19349003
2026-04-13 05:00:00,-0.047277223
2026-04-13 06:00:00,0.101652905
2026-04-13 07:00:00,0.21935172
2026-04-13 08:00:00,0.2871276
2026-04-13 09:00:00,0.2156017
2026-04-13 10:00:00,0.11324324
2026-04-13 11:00:00,-0.0089149475
2026-04-13 12:00:00,-0.14146315
2026-04-13 13:00:00,-0.2781232
2026-04-13 14:00:00,-0.37168717
2026-04-13 15:00:00,-0.2603841
2026-04-13 16:00:00,-0.0945071
2026-04-13 17:00:00,0.097658545
2026-04-13 18:00:00,0.27794254
2026-04-13 19:00:00,0.43118897
2026-04-13 20:00:00,0.5264162
2026-04-13 21:00:00,0.44764677
2026-04-13 22:00:00,0.31591633
2026-04-13 23:00:00,0.15960342
2026-04-14 00:00:00,-0.005266314
2026-04-14 01:00:00,-0.17109172
2026-04-14 02:00:00,-0.33590102
2026-04-14 03:00:00,-0.42340416
2026-04-14 04:00:00,-0.30028716
2026-04-14 05:00:00,-0.12359788
2026-04-14 06:00:00,0.09193519
2026-04-14 07:00:00,0.2861126
2026-04-14 08:00:00,0.42433172
2026-04-14 09:00:00,0.4373783
2026-04-14 10:00:00,0.3226539
2026-04-14 11:00:00,0.18603499
2026-04-14 12:00:00,0.037437405
2026-04-14 13:00:00,-0.114439204
2026-04-14 14:00:00,-0.2716945
2026-04-14 15:00:00,-0.37480092
2026-04-14 16:00:00,-0.2262975
2026-04-14 17:00:00,-0.03209873
2026-04-14 18:00:00,0.21180551
2026-04-14 19:00:00,0.43101874
2026-04-14 20:00:00,0.60012895
2026-04-14 21:00:00,0.63836974
2026-04-14 22:00:00,0.5136066
2026-04-14 23:00:00,0.35988358
2026-04-15 00:00:00,0.18440796
2026-04-15 01:00:00,0.0042069308
2026-04-15 02:00:00,-0.17669412
2026-04-15 03:00:00,-0.34120613
2026-04-15 04:00:00,-0.38365507
2026-04-15 05:00:00,-0.1671994
2026-04-15 06:00:00,0.049074557
2026-04-15 07:00:00,0.3359065
2026-04-15 08:00:00,0.54808754
2026-04-15 09:00:00,0.68753076
2026-04-15 10:00:00,0.6366942
2026-04-15 11:00:00,0.49644917
2026-04-15 12:00:00,0.32628667
2026-04-15 13:00:00,0.14329721
2026-04-15 14:00:00,-0.035891395
2026-04-15 15:00:00,-0.21754326
2026-04-15 16:00:00,-0.29199612
2026-04-15 17:00:00,-0.07842796
2026-04-15 18:00:00,0.13761783
2026-04-15 19:00:00,0.4232099
2026-04-15 20:00:00,0.64801365
2026-04-15 21:00:00,0.8092778
2026-04-15 22:00:00,0.76350534
2026-04-15 23:00:00,0.6060147
2026-04-16 00:00:00,0.42510644
2026-04-16 01:00:00,0.2300201
2026-04-16 02:00:00,0.03106387
2026-04-16 03:00:00,-0.16091606
2026-04-16 04:00:00,-0.31646612
2026-04-16 05:00:00,-0.2721339
2026-04-16 06:00:00,0.003804769
2026-04-16 07:00:00,0.26397192
2026-04-16 08:00:00,0.56454396
2026-04-16 09:00:00,0.7721651
2026-04-16 10:00:00,0.8454021
2026-04-16 11:00:00,0.71929175
2026-04-16 12:00:00,0.55218834
2026-04-16 13:00:00,0.35512155
2026-04-16 14:00:00,0.1559456
2026-04-16 15:00:00,-0.043885373
2026-04-16 16:00:00,-0.23024051
2026-04-16 17:00:00,-0.2762761
2026-04-16 18:00:00,-0.023330199
2026-04-16 19:00:00,0.21299651
2026-04-16 20:00:00,0.5189278
2026-04-16 21:00:00,0.7114542
2026-04-16 22:00:00,0.7723276
2026-04-16 23:00:00,0.6459491
2026-04-17 00:00:00,0.48399746
2026-04-17 01:00:00,0.29490137
2026-04-17 02:00:00,0.102316484
2026-04-17 03:00:00,-0.09396712
2026-04-17 04:00:00,-0.2804559
2026-04-17 05:00:00,-0.39907217
2026-04-17 06:00:00,-0.21110345
2026-04-17 07:00:00,0.06290036
2026-04-17 08:00:00,0.4288557
2026-04-17 09:00:00,0.7119854
2026-04-17 10:00:00,0.9001867
2026-04-17 11:00:00,0.8809549
2026-04-17 12:00:00,0.72442687
2026-04-17 13:00:00,0.53473926
2026-04-17 14:00:00,0.32663864
2026-04-17 15:00:00,0.114868745
2026-04-17 16:00:00,-0.08969838
2026-04-17 17:00:00,-0.25720942
2026-04-17 18:00:00,-0.22568175
2026-04-17 19:00:00,0.051433984
2026-04-17 20:00:00,0.31488165
2026-04-17 21:00:00,0.60611105
2026-04-17 22:00:00,0.77391833
2026-04-17 23:00:00,0.75534016
2026-04-18 00:00:00,0.6014949
2026-04-18 01:00:00,0.42439926
2026-04-18 02:00:00,0.23028176
2026-04-18 03:00:00,0.032486547
2026-04-18 04:00:00,-0.1605174
2026-04-18 05:00:00,-0.33107468
2026-04-18 06:00:00,-0.3664337
2026-04-18 07:00:00,-0.07619488
2026-04-18 08:00:00,0.21043932
2026-04-18 09:00:00,0.5897146
2026-04-18 10:00:00,0.85646105
2026-04-18 11:00:00,0.99738604
2026-04-18 12:00:00,0.9078262
2026-04-18 13:00:00,0.7348077
2026-04-18 14:00:00,0.5292685
2026-04-18 15:00:00,0.31655094
2026-04-18 16:00:00,0.095614724
2026-04-18 17:00:00,-0.10294632
2026-04-18 18:00:00,-0.22703438
2026-04-18 19:00:00,-0.0589703
2026-04-18 20:00:00,0.18884526
2026-04-18 21:00:00,0.50748825
2026-04-18 22:00:00,0.75020725
2026-04-18 23:00:00,0.88019633
2026-04-19 00:00:00,0.79808766
